actual_x_0,actual_y_0,actual_z_0,target_x_0,target_y_0,target_z_0
-1.6049238443374634,-0.7766856551170349,0.013932052999734879,-1.6049238443374634,-0.7766856551170349,0.013932052999734879
